{
  "model_version": "v2_within_stint",
  "target": "LapTimeDeltaToStint (delta to stint opening pace)",
  "metrics": {
    "mae": 0.9653169625478764,
    "rmse": 1.5774018294478036,
    "r2": 0.012809130726604612,
    "train_size": 62234,
    "test_size": 14222,
    "n_features": 19,
    "best_iteration": 1
  },
  "feature_importance": {
    "MeanHumidity": 0.221097931265831,
    "traction_demand": 0.11968278884887695,
    "tyre_stress": 0.08601198345422745,
    "MeanTrackTemp": 0.0653356984257698,
    "TyreAgeInStint": 0.05645216256380081,
    "TrackTempRange": 0.055609080940485,
    "asphalt_grip": 0.04646872356534004,
    "MeanAirTemp": 0.0461391806602478,
    "asphalt_abrasiveness": 0.04549107328057289,
    "downforce_level": 0.04244569316506386,
    "StintNumber": 0.04100547730922699,
    "MeanWindSpeed": 0.03653290867805481,
    "LapNumber": 0.03279543295502663,
    "braking_severity": 0.02634979598224163,
    "circuit_length_km": 0.020735837519168854,
    "Position": 0.016057608649134636,
    "lateral_forces": 0.015374120324850082,
    "track_evolution": 0.014704335480928421,
    "CompoundHardness": 0.011710063554346561
  },
  "feature_columns": [
    "TyreAgeInStint",
    "CompoundHardness",
    "StintNumber",
    "asphalt_abrasiveness",
    "asphalt_grip",
    "traction_demand",
    "braking_severity",
    "lateral_forces",
    "tyre_stress",
    "downforce_level",
    "track_evolution",
    "circuit_length_km",
    "MeanTrackTemp",
    "MeanAirTemp",
    "MeanHumidity",
    "MeanWindSpeed",
    "TrackTempRange",
    "LapNumber",
    "Position"
  ]
}